,conjugation_type,business_sentence,common_sentence
0,と申します,H社の高市「と申します」。,H社の高市「です」。
1,います,いつもお世話になって「おります」。,いつもお世話になって「います」。
2,います,こちらこそ、お世話になって「おります」。,こちらこそ、お世話になって「います」。
3,います,稲田さんは「いらっしゃいます」か？,稲田さんは「います」か？
4,もらう,1時間ほど前に、お電話「いただいた」そうなんですけど。,1時間ほど前に、お電話「もらった」そうなんですけど。
5,てください,少々「お待ちください」。,少々「待ってください」。
6,どう,明日の午前中、10時半頃からだと「いかが」ですか？,明日の午前中、10時半頃からだと「どう」ですか？
7,もらう,すべて、能勢さんにも同席して「いただき」ますので、改善した方が良い点などはご指摘ください。,すべて、能勢さんにも同席して「もらい」ますので、改善した方が良い点などはご指摘ください。
8,てください,すべて、能勢さんにも同席していただきますので、改善した方が良い点などは「ご指摘ください」。,すべて、能勢さんにも同席していただきますので、改善した方が良い点などは「指摘してください」。
9,もらう,前日のリハーサルには、役員以外に、本日ご出席いただいている顧問弁護士の太田先生にもお越し「いただき」たく存じます。,前日のリハーサルには、役員以外に、本日ご出席いただいている顧問弁護士の太田先生にもお越し「もらい」たく存じます。
10,います,また、総会当日のみ、担当監査法人の会計士の先生にも裏方に待機していただき、何かあった時のサポートをお願いして「おります」。,また、総会当日のみ、担当監査法人の会計士の先生にも裏方に待機していただき、何かあった時のサポートをお願いして「います」。
11,もらう,また、総会当日のみ、担当監査法人の会計士の先生にも裏方に待機して「いただき」、何かあった時のサポートをお願いしております。,また、総会当日のみ、担当監査法人の会計士の先生にも裏方に待機して「もらい」、何かあった時のサポートをお願いしております。
12,てください,必ずしも想定問答集通りに質問する訳ではありませんので、「ご了承ください」。,必ずしも想定問答集通りに質問する訳ではありませんので、「了承してください」。
13,もらう,はい、それではこれより私が進めさせて「いただき」ます。,はい、それではこれより私が進めさせて「もらい」ます。
14,もらう,まず始めに、M信託銀行の能勢さんより、今期の各社の総会における傾向等についてお話「いただき」ます。,まず始めに、M信託銀行の能勢さんより、今期の各社の総会における傾向等についてお話「もらい」ます。
15,します,能勢さん、よろしくお願い「致します」。,能勢さん、よろしくお願い「します」。
16,もらう,今年も御社の総会のお手伝いをさせて「いただき」ます、M信託銀行の能勢です。,今年も御社の総会のお手伝いをさせて「もらい」ます、M信託銀行の能勢です。
17,します,どうぞ、よろしくお願い「致します」。,どうぞ、よろしくお願い「します」。
18,います,株主数については安定して「おります」。,株主数については安定して「います」。
19,てください,それでは、事前にメールに添付した資料を「ご覧ください」。,それでは、事前にメールに添付した資料を「見てください」。
20,と申します,I社、広報IR室の高田「と申します」。,I社、広報IR室の高田「です」。
21,います,今回の株主総会開催について事務方を担当して「おります」。,今回の株主総会開催について事務方を担当して「います」。
22,もらう,わざわざ「お越しいただいて」、すみませんね。,わざわざ「来てもらって」、すみませんね。
23,てください,どうぞ、「お目通しください」。,どうぞ、「見てください」。
24,います,総会開始１０分前までは、私も受付で待機して「おります」のでお声掛けください。,総会開始１０分前までは、私も受付で待機して「います」のでお声掛けください。
25,てください,総会開始１０分前までは、私も受付で待機しておりますので「お声掛けください」。,総会開始１０分前までは、私も受付で待機しておりますので「声をかけてください」。
26,します,それでは、当日、どうぞよろしくお願い「致します」。,それでは、当日、どうぞよろしくお願い「します」。
27,と申します,いつもお世話になっております、I社の高田「と申します」。,いつもお世話になっております、I社の高田「です」。
28,います,いつもお世話になって「おります」、I社の高田と申します。,いつもお世話になって「います」、I社の高田と申します。
29,てください,少々「お待ちください」。,少々「待ってください」。
30,います,先生、いつもお世話になって「おります」、高田です。,先生、いつもお世話になって「います」、高田です。
31,どう,近々、先生の事務所に伺いたいのですが、ご都合「いかが」でしょうか？,近々、先生の事務所に伺いたいのですが、ご都合「どう」でしょうか？
32,どう,明後日の午後は「いかが」ですか？,明後日の午後は「どう」ですか？
33,います,お世話になって「おります」、M信託銀行の能勢ですが。,お世話になって「います」、M信託銀行の能勢ですが。
34,います,広報IR室の高田さんは「いらっしゃいます」か？,広報IR室の高田さんは「います」か？
35,います,申し訳ございません、ただいま外出して「おります」が。,申し訳ございません、ただいま外出して「います」が。
36,います,午後２時に帰社予定となって「おります」。,午後２時に帰社予定となって「います」。
37,どう,「いかが」致しましょうか？,「どう」致しましょうか？
38,もらう,それじゃあ、お伝え「いただき」たいのですが。,それじゃあ、お伝え「もらい」たいのですが。
39,います,明日、午後からは社内に「おります」、とお伝え下さい。,明日、午後からは社内に「います」、とお伝え下さい。
40,します,はい、失礼「致します」。,はい、失礼「します」。
41,います,藤本様、当社の追跡サービスによりますと、3日前に到着したと示して「おります」。,藤本様、当社の追跡サービスによりますと、3日前に到着したと示して「います」。
42,います,到着は1週間後となって「おります」。,到着は1週間後となって「います」。
43,します,当初の購入代金と配送料を、お支払い頂いたお客様のクレジットカードへ払い戻し「いたします」。,当初の購入代金と配送料を、お支払い頂いたお客様のクレジットカードへ払い戻し「します」。
44,います,そこで、すばらしいがんばりをしてくれた皆さんに感謝の印として、何かしたいと考えて「おります」。,そこで、すばらしいがんばりをしてくれた皆さんに感謝の印として、何かしたいと考えて「います」。
45,どう,我々経営陣は、皆さんに特別手当の支給または、社内旅行を考えていますが、「いかが」でしょうか。,我々経営陣は、皆さんに特別手当の支給または、社内旅行を考えていますが、「どう」でしょうか。
46,います,改めて、皆さんの優れた働きに感謝して「おります」。,改めて、皆さんの優れた働きに感謝して「います」。
47,と申します,もしもし、私、A社の松尾「と申します」。,もしもし、私、A社の松尾「です」。
48,います,お世話になって「おります」。,お世話になって「います」。
49,もらう,申し訳ないのですが、支払いを1週間ほど延ばして「いただけます」か？,申し訳ないのですが、支払いを1週間ほど延ばして「もらえます」か？
50,います,お支払いは銀行振り込みとなって「おります」。,お支払いは銀行振り込みとなって「います」。
51,います,当社の口座番号は、先日発行して「おります」請求書の一番下に書いてあります。,当社の口座番号は、先日発行して「います」請求書の一番下に書いてあります。
52,います,以上が、先日のミーティングについての概要となって「おります」。,以上が、先日のミーティングについての概要となって「います」。
53,と申します,先日電卓を注文したB社の増田「と申します」。,先日電卓を注文したB社の増田「です」。
54,します,はい、C社カスタマーサービス水野がお受け「いたします」。,はい、C社カスタマーサービス水野がお受け「します」。
55,します,すぐに確認「いたします」ね。,すぐに確認「します」ね。
56,します,はい、すぐに準備「いたします」。,はい、すぐに準備「します」。
57,します,何卒よろしくお願い「致します」。,何卒よろしくお願い「します」。
58,します,では、失礼「致します」。,では、失礼「します」。
59,もらう,先日提出して「いただいた」北欧のビジネス街についての記事を、後1500文字ほど増やしていただくことは可能でしょうか。,先日提出して「もらった」北欧のビジネス街についての記事を、後1500文字ほど増やしていただくことは可能でしょうか。
60,います,あ、それから、今後そちらで掲載していただきたい記事のトピックについても、いくつか絞って「おります」ので、また後ほどデータを送らせてもらいますね。,あ、それから、今後そちらで掲載していただきたい記事のトピックについても、いくつか絞って「います」ので、また後ほどデータを送らせてもらいますね。
61,もらう,あ、それから、今後そちらで掲載して「いただき」たい記事のトピックについても、いくつか絞っておりますので、また後ほどデータを送らせてもらいますね。,あ、それから、今後そちらで掲載して「もらい」たい記事のトピックについても、いくつか絞っておりますので、また後ほどデータを送らせてもらいますね。
62,します,では、期限について本日中にご連絡「いたします」。,では、期限について本日中にご連絡「します」。
63,います,どなたか他に提案のある方は「いらっしゃいます」か。,どなたか他に提案のある方は「います」か。
64,と申します,もしもし、制作部の木野「と申します」。,もしもし、制作部の木野「です」。
65,います,河本さんは「いらっしゃいます」か。,河本さんは「います」か。
66,てください,少々「お待ちください」ませ。,少々「待ってください」ませ。
67,します,河本へおつなぎ「致します」。,河本へおつなぎ「します」。
68,と申します,B社の改装プロジェクト責任者、木野「と申します」。,B社の改装プロジェクト責任者、木野「です」。
69,します,お電話でのご挨拶失礼「いたします」。,お電話でのご挨拶失礼「します」。
70,します,本日、至急もう１枚ご用意「致します」。,本日、至急もう１枚ご用意「します」。
71,います,では、午後3時ごろ、弊社にてお待ちして「おります」。,では、午後3時ごろ、弊社にてお待ちして「います」。
72,します,はい、何卒よろしくお願い「致します」。,はい、何卒よろしくお願い「します」。
73,います,すみませんが、白木はただ今、席をはずして「おります」。,すみませんが、白木はただ今、席をはずして「います」。
74,します,お伝え「いたします」。,お伝え「します」。
75,もらう,皆様、本日はお集まり「いただき」ありがとうございます。,皆様、本日はお集まり「もらい」ありがとうございます。
76,と申します,本日司会を務めさせて頂きます、岡田「と申します」。,本日司会を務めさせて頂きます、岡田「です」。
77,します,よろしくお願い「致します」。,よろしくお願い「します」。
78,います,つきましては、アジア地域専門の徳井様をお招きして「おります」。,つきましては、アジア地域専門の徳井様をお招きして「います」。
79,もらう,本日はお招き「いただき」、ありがとうございます。,本日はお招き「もらい」、ありがとうございます。
80,てください,はい、では、皆さまお手元の資料を「ご覧ください」。,はい、では、皆さまお手元の資料を「見てください」。
81,います,資料を見直しました結果、アジア地域の商品需要率は昨年より3.5%低下して「おります」。,資料を見直しました結果、アジア地域の商品需要率は昨年より3.5%低下して「います」。
82,もらう,ここで、一旦休憩に入らせて「いただき」ます。,ここで、一旦休憩に入らせて「もらい」ます。
83,もらう,何かございましたら今後の改善のため、ご指示「いただき」たく存じます。,何かございましたら今後の改善のため、ご指示「もらい」たく存じます。
84,します,よろしくお願い「致します」。,よろしくお願い「します」。
85,します,失礼「いたします」。,失礼「します」。
86,もらう,お声かけ「いただき」まして誠にありがとうございます。,お声かけ「もらい」まして誠にありがとうございます。
87,います,これは豆がすくすく伸びる様子を表して「おります」。,これは豆がすくすく伸びる様子を表して「います」。
88,います,これからご提案するロゴはその辺も踏まえたものとなって「おります」。,これからご提案するロゴはその辺も踏まえたものとなって「います」。
89,もらう,御社のことをお調べさせて「いただき」ロゴには緑と青が良いと判断させて「いただき」ました。,御社のことをお調べさせて「もらい」ロゴには緑と青が良いと判断させて「もらい」ました。
90,もらう,お褒め「いただき」ありがとうございます。,お褒め「もらい」ありがとうございます。
91,もらう,この提案「いただいた」のが非常に気に入ったのですが、岩谷さんはどうでしょうか？,この提案「もらった」のが非常に気に入ったのですが、岩谷さんはどうでしょうか？
92,います,お客様の中には君たちよりリフォームに関しての知識が多い方も「いらっしゃいます」。,お客様の中には君たちよりリフォームに関しての知識が多い方も「います」。
93,もらう,頑張って御社だけの特別価格にさせて「いただき」ました。,頑張って御社だけの特別価格にさせて「もらい」ました。
94,どう,「いかが」なものでしょうか？,「どう」なものでしょうか？
95,もらう,私も納得してお買い上げ「いただき」たいので何なりとご質問ください。,私も納得してお買い上げ「もらい」たいので何なりとご質問ください。
96,てください,私も納得してお買い上げいただきたいので何なりと「ご質問ください」。,私も納得してお買い上げいただきたいので何なりと「質問してください」。
97,もらう,私も気持ちよくご契約「いただき」たいので問題ありません。,私も気持ちよくご契約「もらい」たいので問題ありません。
98,と申します,社長様ですか、私A生命の柴田「と申します」。,社長様ですか、私A生命の柴田「です」。
99,どう,わかりました、お日にちは来週の火曜日か水曜日あたりで「いかが」ですか？,わかりました、お日にちは来週の火曜日か水曜日あたりで「どう」ですか？
100,言う,揚げ物が多いのは「おっしゃる」とおりですね。,揚げ物が多いのは「言う」とおりですね。
101,どう,ボリューム系ですと、Cコースなんかは「いかが」でしょうか？,ボリューム系ですと、Cコースなんかは「どう」でしょうか？
102,どう,海鮮系ですね、握り寿司は「いかが」でしょうか？,海鮮系ですね、握り寿司は「どう」でしょうか？
103,います,いいえ、社屋の移転を考えて「おります」。,いいえ、社屋の移転を考えて「います」。
104,います,そこで社用車の台数を半分に減らすのが良いのではないかと考えて「おります」。,そこで社用車の台数を半分に減らすのが良いのではないかと考えて「います」。
105,います,はい河合です、お世話になって「おります」。,はい河合です、お世話になって「います」。
106,います,お世話になって「おります」、提出した企画はいかがでしたでしょうか？,お世話になって「います」、提出した企画はいかがでしたでしょうか？
107,どう,お世話になっております、提出した企画は「いかが」でしたでしょうか？,お世話になっております、提出した企画は「どう」でしたでしょうか？
108,どう,70万などは「いかが」でしょうか？,70万などは「どう」でしょうか？
109,もらう,それでしたら逆にどこまでならお値引きして「いただけます」か？,それでしたら逆にどこまでならお値引きして「もらえます」か？
110,します,では、改めてご連絡「いたします」。,では、改めてご連絡「します」。
111,します,よろしくお願い「いたします」。,よろしくお願い「します」。
112,もらう,今日はお越し「いただき」ありがとうございます、では今から面接を始めます。,今日はお越し「もらい」ありがとうございます、では今から面接を始めます。
113,もらう,こちらこそお時間を「いただき」ありがとうございます。,こちらこそお時間を「もらい」ありがとうございます。
114,います,日本語以外でビジネスレターを書くのには慣れて「いらっしゃいます」か？,日本語以外でビジネスレターを書くのには慣れて「います」か？
115,います,はいそうですねというわけにはいきませんので、ホテルの支配人が病院までお詫びに行って「おります」。,はいそうですねというわけにはいきませんので、ホテルの支配人が病院までお詫びに行って「います」。
116,います,お客様で目撃した方は「いらっしゃいます」か？,お客様で目撃した方は「います」か？
117,います,はい、２人「いらっしゃいます」。,はい、２人「います」。
118,と申します,失礼します、Ｋ大学の村上陽子「と申します」。,失礼します、Ｋ大学の村上陽子「です」。
119,てください,どうぞ「お座りください」。,どうぞ「座ってください」。
120,どう,日本の高校は「いかが」でしたか？,日本の高校は「どう」でしたか？
121,もらう,やり遂げたこととしていいのか躊躇しましたが、あの時の気持ちが忘れられなかったので書かせて「いただき」ました。,やり遂げたこととしていいのか躊躇しましたが、あの時の気持ちが忘れられなかったので書かせて「もらい」ました。
122,もらう,今日は「お越しいただいて」ありがとうございました。,今日は「来てもらって」ありがとうございました。
123,もらう,お忙しい中、お時間を「いただき」、ありがとうございました。,お忙しい中、お時間を「もらい」、ありがとうございました。
124,します,どうぞよろしくお願い「いたします」。,どうぞよろしくお願い「します」。
125,と申します,東京本社事業開発部の浅野「と申します」。,東京本社事業開発部の浅野「です」。
126,います,田沼さんは「いらっしゃいます」か？,田沼さんは「います」か？
127,てください,少々「お待ちください」。,少々「待ってください」。
128,と申します,新規開発部の杉田「と申します」。,新規開発部の杉田「です」。
129,もらう,我が社が先月落札したこのエリアの開発案を発表させて「いただき」ます。,我が社が先月落札したこのエリアの開発案を発表させて「もらい」ます。
130,と申します,営業部の川内「と申します」。,営業部の川内「です」。
131,と申します,吉田「と申します」。,吉田「です」。
132,と申します,秘書室の川田「と申します」が、塚田部長をお願いいたします。,秘書室の川田「です」が、塚田部長をお願いいたします。
133,します,秘書室の川田と申しますが、塚田部長をお願い「いたします」。,秘書室の川田と申しますが、塚田部長をお願い「します」。
134,てください,はい、少々「お待ちください」。,はい、少々「待ってください」。
135,と申します,秘書室の川田「と申します」。,秘書室の川田「です」。
136,もらう,御社が来月から導入する新しいシステムの説明をさせて「いただき」ます。,御社が来月から導入する新しいシステムの説明をさせて「もらい」ます。
137,と申します,私はこのシステムを開発しているＳ社の小川「と申します」。,私はこのシステムを開発しているＳ社の小川「です」。
138,てください,移行のために今月３０日の夜９時から１日の朝６時までの９時間はシステムが一切使えませんので「ご注意ください」。,移行のために今月３０日の夜９時から１日の朝６時までの９時間はシステムが一切使えませんので「注意してください」。
139,もらう,週末でも来て「いただけます」か？,週末でも来て「もらえます」か？
140,てください,はい、設備の大きさが決まってからのお答えになりますので、担当者が訪問させていただく際に「お尋ねください」。,はい、設備の大きさが決まってからのお答えになりますので、担当者が訪問させていただく際に「来てください」。
141,します,では土曜日にお願い「いたします」。,では土曜日にお願い「します」。
142,てください,変更がございましたらまた「お電話をください」。,変更がございましたらまた「電話をかけてください」。
143,もらう,お忙しい中インタビューに応じて「いただき」、ありがとうございます。,お忙しい中インタビューに応じて「もらい」、ありがとうございます。
144,もらう,早速質問させて「いただき」ます。,早速質問させて「もらい」ます。
145,もらう,はい、そうさせて「いただき」ます。,はい、そうさせて「もらい」ます。
146,と申します,開発部マネージャーの佐々木「と申します」。,開発部マネージャーの佐々木「です」。
147,します,新製品開発にあたって概要を説明「いたします」。,新製品開発にあたって概要を説明「します」。
148,もらう,こんにちは、わざわざ「お越しいただいて」ありがとうございます。,こんにちは、わざわざ「来てもらって」ありがとうございます。
149,もらう,それでは、早速こちらの買取価格の提示をさせて「いただき」ます。,それでは、早速こちらの買取価格の提示をさせて「もらい」ます。
150,どう,一坪当たり52万で「いかが」でしょうか？,一坪当たり52万で「どう」でしょうか？
151,もらう,ええ、折角いろいろ準備して「いただいた」のにすみません。,ええ、折角いろいろ準備して「もらった」のにすみません。
152,てください,ええ、ですからぜひお話を「お聞かせください」。,ええ、ですからぜひお話を「聞かせてください」。
153,てください,それでは、まずはこちらからご質問しますので、「お答えください」ますか？,それでは、まずはこちらからご質問しますので、「答えてください」ますか？
154,もらう,はい、この度はお買い上げ「いただき」ありがとうございます。,はい、この度はお買い上げ「もらい」ありがとうございます。
155,もらう,それでは、商品の交換かご返品で対応させて「いただき」たいのですが。,それでは、商品の交換かご返品で対応させて「もらい」たいのですが。
156,てください,確認してまいりますので、少々「お待ちください」。,確認してまいりますので、少々「待ってください」。
157,します,お手数とは思いますが、交換品が到着しましたら不良品の梱包と配送をお願い「致します」。,お手数とは思いますが、交換品が到着しましたら不良品の梱包と配送をお願い「します」。
158,もらう,それではこの度はお買い上げ「いただいた」商品でご不便をおかけしました。,それではこの度はお買い上げ「もらった」商品でご不便をおかけしました。
159,します,はい、失礼「いたします」。,はい、失礼「します」。
160,います,やっている人も会社の中に何人か「いらっしゃいます」し、今度ご紹介しましょうか？,やっている人も会社の中に何人か「います」し、今度ご紹介しましょうか？
161,います,そうですね、時々「いらっしゃいます」ね。,そうですね、時々「います」ね。
162,どう,松下さんは今年の調子は「いかが」ですか？,松下さんは今年の調子は「どう」ですか？
163,もらう,今回は時間をかけて引き継いで「いただいた」ので何とか大丈夫でした。,今回は時間をかけて引き継いで「もらった」ので何とか大丈夫でした。
164,言う,高田さん、代表電話に荒川社長宛に小川さんと「おっしゃる」方からお電話なんですが。,高田さん、代表電話に荒川社長宛に小川さんと「言う」方からお電話なんですが。
165,と申します,お電話代わりました、社長秘書の高田「と申します」。,お電話代わりました、社長秘書の高田「です」。
166,います,大変失礼ではございますが、どちらの小川様で「いらっしゃいます」か？,大変失礼ではございますが、どちらの小川様で「います」か？
167,います,申し訳ございません、どちらの方か伺うように厳命されて「おります」。,申し訳ございません、どちらの方か伺うように厳命されて「います」。
168,もらう,いえ、直接社長にお話することですので、取り次いで「いただけます」か？,いえ、直接社長にお話することですので、取り次いで「もらえます」か？
169,います,申し訳ございません、荒川宛の電話につきましては、一旦私がご用件を承るように命じられて「おります」。,申し訳ございません、荒川宛の電話につきましては、一旦私がご用件を承るように命じられて「います」。
170,います,私共は東京都内の不動産を取り扱って「おります」会社でして。,私共は東京都内の不動産を取り扱って「います」会社でして。
171,もらう,資産運用の一貫として、不動産投資のご提案を直接させて「いただき」たくお電話しました。,資産運用の一貫として、不動産投資のご提案を直接させて「もらい」たくお電話しました。
172,もらう,小川様からのお電話「いただいた」こと、及びご用件につきましては承りました。,小川様からのお電話「もらった」こと、及びご用件につきましては承りました。
173,もらう,いえいえ、大丈夫です、こちらから連絡させて「いただき」ます。,いえいえ、大丈夫です、こちらから連絡させて「もらい」ます。
174,てください,決定しましたら、「お知らせください」。,決定しましたら、お知らせください。
175,と申します,お電話代わりました、広報IRの高田「と申します」。,お電話代わりました、広報IRの高田「です」。
176,と申します,私は人材エージェントのR社の幸田「と申します」。,私は人材エージェントのR社の幸田「です」。
177,います,実は、近いうちに上場をご検討されている企業様より、IRをお任せできる優秀な方のご紹介を依頼されて「おります」。,実は、近いうちに上場をご検討されている企業様より、IRをお任せできる優秀な方のご紹介を依頼されて「います」。
178,います,金融関係の方、としか申し上げられませんが、大変優秀でいらっしゃると伺って「おります」。,金融関係の方、としか申し上げられませんが、大変優秀でいらっしゃると伺って「います」。
179,います,お褒めいただいて恐縮ですが、現在の職場環境が気に入って「おります」ので。,お褒めいただいて恐縮ですが、現在の職場環境が気に入って「います」ので。
180,どう,Rホテル１階のラウンジに、高田さんのご都合のよろしい日時で「いかが」でしょうか？,Rホテル１階のラウンジに、高田さんのご都合のよろしい日時で「どう」でしょうか？
181,います,その時は、よいお返事を頂けることを期待して「おります」ので。,その時は、よいお返事を頂けることを期待して「います」ので。
182,言う,それもまた難しいことを「おっしゃる」のですね。,それもまた難しいことを「言う」のですね。
183,います,ふふ、次の機会にお会いできることを心から祈って「おります」。,ふふ、次の機会にお会いできることを心から祈って「います」。
184,もらう,そこで、林さんから、こんな研修の案内を「いただき」ました。,そこで、林さんから、こんな研修の案内を「もらい」ました。
185,もらう,わかりました、それでは参加の手続きをさせて「いただき」ます。,わかりました、それでは参加の手続きをさせて「もらい」ます。
186,います,また、どうしても９月中に実施が困難な社員に対しては、１１月に予備日を設定して「おります」。,また、どうしても９月中に実施が困難な社員に対しては、１１月に予備日を設定して「います」。
187,言う,高田さん、株主と「おっしゃる」方から代表に電話がかかってきたので、お願いできますか？,高田さん、株主と「言う」方から代表に電話がかかってきたので、お願いできますか？
188,と申します,お電話代わりました、広報IR室の高田「と申します」。,お電話代わりました、広報IR室の高田「です」。
189,います,とんでもございません、株主様へのご対応に不手際がないように、お問い合わせいただく方、すべてにお名前を伺って「おります」。,とんでもございません、株主様へのご対応に不手際がないように、お問い合わせいただく方、すべてにお名前を伺って「います」。
190,います,また、お問い合わせ頂いた内容については経営陣に、都度周知して「おります」のでご安心ください。,また、お問い合わせ頂いた内容については経営陣に、都度周知して「います」のでご安心ください。
191,てください,また、お問い合わせ頂いた内容については経営陣に、都度周知しておりますので「ご安心ください」。,また、お問い合わせ頂いた内容については経営陣に、都度周知しておりますので「安心してください」。
192,言う,と、「おっしゃる」のは、本日開示致しました大型案件のことでございましょうか？,と、「言う」のは、本日開示致しました大型案件のことでございましょうか？
193,います,今回は新システムの導入第１号案件ですので、こちらを皮切りに事業拡大を計画して「おります」。,今回は新システムの導入第１号案件ですので、こちらを皮切りに事業拡大を計画して「います」。
194,います,弊社の事業展開や業績推移につきましては、これからもスピーディーに分かりやすく発信して参りたいと思って「おります」。,弊社の事業展開や業績推移につきましては、これからもスピーディーに分かりやすく発信して参りたいと思って「います」。
195,います,今後も皆様のご期待に添えるように、社員全員が事業を邁進して参りたいと考えて「おります」。,今後も皆様のご期待に添えるように、社員全員が事業を邁進して参りたいと考えて「います」。
196,います,お手元の招集通知に記載して「おります」通り、報告事項でございます。,お手元の招集通知に記載して「います」通り、報告事項でございます。
197,します,本件につきましては、営業部門担当の小関取締役よりご説明「いたします」。,本件につきましては、営業部門担当の小関取締役よりご説明「します」。
198,います,まず本件につきまして、多方面にご迷惑をおかけして「おります」ことを、この場を借りてお詫び申し上げます。,まず本件につきまして、多方面にご迷惑をおかけして「います」ことを、この場を借りてお詫び申し上げます。
199,います,今回のL社向けネット決済システムは当社の主力商品として推進していきたいと思って「おります」。,今回のL社向けネット決済システムは当社の主力商品として推進していきたいと思って「います」。
200,います,その為、本システムの第１号導入先となるL社とは今後も良好な取引関係を継続していきたいと考えて「おります」。,その為、本システムの第１号導入先となるL社とは今後も良好な取引関係を継続していきたいと考えて「います」。
201,もらう,従いまして、今回の検収及び売上計上の時期については先方のご意向を優先させて「いただき」たく、小職判断で検収時期を後倒し致します。,従いまして、今回の検収及び売上計上の時期については先方のご意向を優先させて「もらい」たく、小職判断で検収時期を後倒し致します。
202,します,従いまして、今回の検収及び売上計上の時期については先方のご意向を優先させていただきたく、小職判断で検収時期を後倒し「致します」。,従いまして、今回の検収及び売上計上の時期については先方のご意向を優先させていただきたく、小職判断で検収時期を後倒し「します」。
203,います,本件に関しましては、検収の後倒しリスクが発生した段階より、各取締役とも意見交換を行い、この判断がベターであろうと考えて「おります」。,本件に関しましては、検収の後倒しリスクが発生した段階より、各取締役とも意見交換を行い、この判断がベターであろうと考えて「います」。
204,います,お世話になって「おります」、I社広報IR担当の高田です。,お世話になって「います」、I社広報IR担当の高田です。
205,もらう,お忙しい所恐れ入ります、少々ご相談させて「いただき」たいことがございましてお電話しました。,お忙しい所恐れ入ります、少々ご相談させて「もらい」たいことがございましてお電話しました。
206,います,今期の予想売上高に対して約１２％、予想経常利益に対しては１５％程度の影響があると見込んで「おります」。,今期の予想売上高に対して約１２％、予想経常利益に対しては１５％程度の影響があると見込んで「います」。
207,います,重々承知して「おります」。,重々承知して「います」。
208,もらう,こちらにも事情があるし、そこは当初の契約書通り進めて「いただき」たいから。,こちらにも事情があるし、そこは当初の契約書通り進めて「もらい」たいから。
209,います,お世話になって「おります」、T経済出版社の渡辺です。,お世話になって「います」、T経済出版社の渡辺です。
210,います,あ、渡辺さん、いつもお世話になって「おります」。,あ、渡辺さん、いつもお世話になって「います」。
211,どう,是非、御社の社長の取材をさせていただきたいのですが「いかが」でしょうか？,是非、御社の社長の取材をさせていただきたいのですが「どう」でしょうか？
212,もらう,是非、御社の社長の取材をさせて「いただき」たいのですがいかがでしょうか？,是非、御社の社長の取材をさせて「もらい」たいのですがいかがでしょうか？
213,もらう,社長にインタビューする形で事業内容を紹介して「いただいた」り、ここまでに至る苦労話とか。,社長にインタビューする形で事業内容を紹介して「もらった」り、ここまでに至る苦労話とか。
214,てください,ただ、弊社主導記事になりますので、御社から内容の変更依頼をいただいてもできない場合もありませので、あらかじめ「ご了承ください」。,ただ、弊社主導記事になりますので、御社から内容の変更依頼をいただいてもできない場合もありませので、あらかじめ「了承してください」。
215,もらう,２時間程度「いただき」たいと思います。,２時間程度「もらい」たいと思います。
216,どう,それでは、２日午前１０時から、もしくは３日の午前９時からのどちらかで「いかが」でしょうか？,それでは、２日午前１０時から、もしくは３日の午前９時からのどちらかで「どう」でしょうか？
217,します,了解しました、どうぞよろしくお願い「致します」。,了解しました、どうぞよろしくお願い「します」。
218,います,はい、お待ちして「おります」。,はい、お待ちして「います」。
219,てください,また、不明点があれば「ご連絡ください」。,また、不明点があれば「連絡してください」。
220,もらう,承知いたしました、ご希望の木の種類とサイズをお教え「いただけます」か？,承知いたしました、ご希望の木の種類とサイズをお教え「もらえます」か？
221,てください,料金を計算しますので少々「お待ちください」。,料金を計算しますので少々「待ってください」。
222,います,お支払いが完了しまして、木材は本日午後2時以降ご用意できて「おります」。,お支払いが完了しまして、木材は本日午後2時以降ご用意できて「います」。
223,します,もしお客様ご自身の過失でない場合は、28日以内に返品していただければ全額返金「いたします」。,もしお客様ご自身の過失でない場合は、28日以内に返品していただければ全額返金「します」。
224,てください,もしまだ何かございましたら「お申しつけください」。,もしまだ何かございましたら「申しつけてください」。
225,します,これよりお食事をご用意「致します」。,これよりお食事をご用意「します」。
226,どう,お食事の前にお飲み物をお持ちしますが、「いかが」なさいますか。,お食事の前にお飲み物をお持ちしますが、「どう」なさいますか。
227,います,ビールやワイン、ソフトドリンクをご用意して「おります」。,ビールやワイン、ソフトドリンクをご用意して「います」。
228,てください,ワインがお好きでしたら、メインに合わせて赤ワインも「お楽しみください」。,ワインがお好きでしたら、メインに合わせて赤ワインも「楽しんでください」。
229,います,今日はフランスの赤ワインを二種類ご用意して「おります」。,今日はフランスの赤ワインを二種類ご用意して「います」。
230,てください,飲み比べもして頂けますので、ご希望でしたら「お知らせください」。,飲み比べもして頂けますので、ご希望でしたらお知らせください。
231,と申します,本日ご一緒させて頂きます、中村「と申します」。,本日ご一緒させて頂きます、中村「です」。
232,します,宜しくお願い「致します」。,宜しくお願い「します」。
233,します,それでは搭乗券と一緒にお預かり「致します」。,それでは搭乗券と一緒にお預かり「します」。
234,います,新聞や雑誌のご用意をして「おります」が、いかがですか。,新聞や雑誌のご用意をして「います」が、いかがですか。
235,どう,新聞や雑誌のご用意をしておりますが、「いかが」ですか。,新聞や雑誌のご用意をしておりますが、「どう」ですか。
236,います,ああ、アメリカ人の方だと、お魚がだめという方も「いらっしゃいます」ね。,ああ、アメリカ人の方だと、お魚がだめという方も「います」ね。
237,もらう,さて、今日は当社の機密保持規則についてお話させて「いただき」ます。,さて、今日は当社の機密保持規則についてお話させて「もらい」ます。
238,います,もしもし、M社ニューヨークの田中ですが、営業の村野さんは「いらっしゃいます」か。,もしもし、M社ニューヨークの田中ですが、営業の村野さんは「います」か。
239,てください,はい、少々「お待ちください」。,はい、少々「待ってください」。
240,います,あ、田中さん、お世話になって「おります」。,あ、田中さん、お世話になって「います」。
241,もらう,じゃ、送り先の住所などをあとでメール「いただけます」か。,じゃ、送り先の住所などをあとでメール「もらえます」か。
242,もらう,発注書だけ送って「いただけます」か？,発注書だけ送って「もらえます」か？
243,もらう,念のために身分証明になるものをお持ち「いただけます」か？,念のために身分証明になるものをお持ち「もらえます」か？
244,もらう,その後で、どちらの業者がよいと思うか、お話聞いて「いただけます」か？,その後で、どちらの業者がよいと思うか、お話聞いて「もらえます」か？
245,もらう,では、さっそくですが、実験室に入る際の服装についてお話させて「いただき」ます。,では、さっそくですが、実験室に入る際の服装についてお話させて「もらい」ます。
246,もらう,昨日「いただいた」D社からの請求書についてなのですが。,昨日「もらった」D社からの請求書についてなのですが。
247,てください,今、発注書番号を探しますので、ちょっと「お待ちください」。,今、発注書番号を探しますので、ちょっと「待ってください」。
248,てください,はい、「お任せください」。,はい、「任せてください」。
249,います,あ、お世話になって「おります」。,あ、お世話になって「います」。
250,います,マーケティングの有田さんは「いらっしゃいます」か？,マーケティングの有田さんは「います」か？
251,てください,はい、少々「お待ちください」。,はい、少々「待ってください」。
252,もらう,資料を見せて「いただいた」んですが、なかなか面白いですね。,資料を見せて「もらった」んですが、なかなか面白いですね。
253,もらう,デバイス本体もお持ち「いただけます」か？,デバイス本体もお持ち「もらえます」か？
254,います,はい、お待ちして「おります」。,はい、お待ちして「います」。
255,もらう,明日の会議用のプレゼンを見て「いただき」たいのですが。,明日の会議用のプレゼンを見て「もらい」たいのですが。
256,います,商品開発からは誰か「いらっしゃいます」か？,商品開発からは誰か「います」か？
257,言う,数字が苦手だと「おっしゃる」人もいるかも知れないですが。,数字が苦手だと「言う」人もいるかも知れないですが。
258,てください,システムについてお気づきの点、ご提案がありましたら、人事津村まで「ご連絡ください」。,システムについてお気づきの点、ご提案がありましたら、人事津村まで「連絡してください」。
259,もらう,人事部研修にご参加「いただき」ありがとうございます。,人事部研修にご参加「もらい」ありがとうございます。
260,います,昨年末より社内環境改善プロジェクトが進行中なのはご存じかと思いますが、今月も全社で様々な取組みを行って「おります」。,昨年末より社内環境改善プロジェクトが進行中なのはご存じかと思いますが、今月も全社で様々な取組みを行って「います」。
261,てください,こちらのグラフを「ご覧ください」。,こちらのグラフを「見てください」。
262,てください,５ページを「ご覧ください」。,５ページを「見てください」。
263,てください,佐伯部長、技術部を非難する為に挙げた訳ではないので、「ご了承ください」。,佐伯部長、技術部を非難する為に挙げた訳ではないので、「了承してください」。
264,もらう,全ての朝会議は15分以内として「いただき」、必要に応じて長めの会議を別途設ける等、適宜対応してください。,全ての朝会議は15分以内として「もらい」、必要に応じて長めの会議を別途設ける等、適宜対応してください。
265,もらう,勝手ながら、より生き生きとしたペルソナにする為、海棠部長をリサーチさせて「いただき」ました。,勝手ながら、より生き生きとしたペルソナにする為、海棠部長をリサーチさせて「もらい」ました。
266,もらう,んー、もう少し具体的に説明して「いただけます」か？,んー、もう少し具体的に説明して「もらえます」か？
267,もらう,皆さんにもいくつかのペルソナを考えて「いただき」ますので、その場で学べますよ。,皆さんにもいくつかのペルソナを考えて「もらい」ますので、その場で学べますよ。
268,もらう,そうですね、ではちょっと皆さんに目を閉じて「いただき」ましょう。,そうですね、ではちょっと皆さんに目を閉じて「もらい」ましょう。
269,てください,大野さんから時計回りで「お答えください」。,大野さんから時計回りで「答えてください」。
270,てください,モニターを「ご覧ください」。,モニターを「見てください」。
271,します,では、この勉強会にご参加いただく皆さんをご紹介「いたします」。,では、この勉強会にご参加いただく皆さんをご紹介「します」。
272,てください,こちらもお時間の都合で、私がお名前と所属を挙げさせていただくのみとします、「ご了承ください」。,こちらもお時間の都合で、私がお名前と所属を挙げさせていただくのみとします、「了承してください」。
273,もらう,ですが、後日懇親会の場を設けさせて「いただき」ます。,ですが、後日懇親会の場を設けさせて「もらい」ます。
274,します,こちらに関しましては今週中に皆様にご連絡「いたします」。,こちらに関しましては今週中に皆様にご連絡「します」。
275,てください,海棠部長もご都合がよろしければ、是非「ご参加ください」。,海棠部長もご都合がよろしければ、是非「参加してください」。
276,もらう,では、恐れ入りますが呼ばれた方はご起立「いただけます」でしょうか。,では、恐れ入りますが呼ばれた方はご起立「もらえます」でしょうか。
277,します,皆さん、どうぞよろしくお願い「いたします」。,皆さん、どうぞよろしくお願い「します」。
278,います,まだ少々お時間がございますので、ご質問のある方「いらっしゃいます」か？,まだ少々お時間がございますので、ご質問のある方「います」か？
279,います,先程申し上げました通り、CX企画課はマーケティング部門に属して「おります」。,先程申し上げました通り、CX企画課はマーケティング部門に属して「います」。
280,もらう,しかし、他部門とも積極的に連携していく課として捉えて「いただき」たい。,しかし、他部門とも積極的に連携していく課として捉えて「もらい」たい。
281,います,このワークショップではそういった壁を越えて、情報交換、相互協力をしていきたいと考えて「おります」。,このワークショップではそういった壁を越えて、情報交換、相互協力をしていきたいと考えて「います」。
282,てください,ご提案のある方はご遠慮なくマクマランまで「ご連絡ください」。,ご提案のある方はご遠慮なくマクマランまで「連絡してください」。
283,います,他にご質問がある方「いらっしゃいます」か？,他にご質問がある方「います」か？
284,もらう,第一回隔月合同勉強会にご参加「いただき」ありがとうございます。,第一回隔月合同勉強会にご参加「もらい」ありがとうございます。
285,もらう,この会の進行役を務めさせて「いただき」ます、マクマランです。,この会の進行役を務めさせて「もらい」ます、マクマランです。
286,います,本日は関連各部門からお一人ずつお集まりいただいて「おります」。,本日は関連各部門からお一人ずつお集まりいただいて「います」。
287,もらう,暫定的ではございますが、このメンバーで隔月こちらに集まって「いただき」ます。,暫定的ではございますが、このメンバーで隔月こちらに集まって「もらい」ます。
288,もらう,皆さまにはこのワークショップを通して、カスタマーエクスペリエンスについて理解を深めて「いただき」ます。,皆さまにはこのワークショップを通して、カスタマーエクスペリエンスについて理解を深めて「もらい」ます。
289,します,皆さま、どうぞよろしくお願い「いたします」。,皆さま、どうぞよろしくお願い「します」。
290,います,はい、大野さん、遅れる旨伺って「おります」。,はい、大野さん、遅れる旨伺って「います」。
291,てください,どうぞ「お入りください」。,どうぞ「入ってください」。
292,します,すみません、前を失礼「いたします」。,すみません、前を失礼「します」。
293,します,では再開「いたします」。,では再開「します」。
294,もらう,まず、簡単に私共CX企画課の説明をさせて「いただき」ます。,まず、簡単に私共CX企画課の説明をさせて「もらい」ます。
295,てください,そのため、我々は全く新しい課であると「お考えください」。,そのため、我々は全く新しい課であると「考えてください」。
296,もらう,ここからは時間の関係上、詳細を割愛させて「いただき」ます。,ここからは時間の関係上、詳細を割愛させて「もらい」ます。
297,います,只今ご説明しました概略の詳細内容については、皆さまに届いて「おります」資料に記載されて「おります」。,只今ご説明しました概略の詳細内容については、皆さまに届いて「います」資料に記載されて「います」。
298,てください,ご興味のある方はそちらのPDF資料を「ご参照ください」。,ご興味のある方はそちらのPDF資料を「参照してください」。
299,います,先方へはその旨お伝えして「おります」。,先方へはその旨お伝えして「います」。
300,もらう,先日ウチのシステムを入れて「いただいた」お店ですね。,先日ウチのシステムを入れて「もらった」お店ですね。
301,もらう,はい、室長のメールで先様の情報を「いただいた」んですが、制約が多くてお店を探すのに随分時間がかかっています。,はい、室長のメールで先様の情報を「もらった」んですが、制約が多くてお店を探すのに随分時間がかかっています。
302,します,申し訳ありません、平良室長、今後その様に「いたします」。,申し訳ありません、平良室長、今後その様に「します」。
303,します,う、皆さん、これからもご教示お願い「いたします」...,う、皆さん、これからもご教示お願い「します」...
304,もらう,えっと、ご一緒させて「いただき」ます！,えっと、ご一緒させて「もらい」ます！
305,もらう,研修で津村課長に教えて「いただき」ましたっ！,研修で津村課長に教えて「もらい」ましたっ！
306,します,ご指示のとおり「いたします」！,ご指示のとおり「します」！
307,と申します,C社の山本「と申します」が、保険代の返金についてお伺いしたのいのですが？,C社の山本「です」が、保険代の返金についてお伺いしたのいのですが？
308,います,ではご契約番号はお持ちで「いらっしゃいます」か？,ではご契約番号はお持ちで「います」か？
309,います,xxx-xxx-xxxx、山本で経理を担当して「おります」。,xxx-xxx-xxxx、山本で経理を担当して「います」。
310,します,お調べ「いたします」ので、少々お待ちください。,お調べ「します」ので、少々お待ちください。
311,てください,お調べいたしますので、少々「お待ちください」。,お調べいたしますので、少々「待ってください」。
312,もらう,10月に自己監査の依頼をメールで送信させて「いただき」ました。,10月に自己監査の依頼をメールで送信させて「もらい」ました。
313,います,いつ頃送られたか覚えて「いらっしゃいます」か？,いつ頃送られたか覚えて「います」か？
314,もらう,よろしければ、自己監査の際に提出した書類を転送して「いただけます」か？,よろしければ、自己監査の際に提出した書類を転送して「もらえます」か？
315,います,担当の者が「おります」ので、本日中に確認してご連絡差し上げられると思います。,担当の者が「います」ので、本日中に確認してご連絡差し上げられると思います。
316,します,確認次第こちらよりご連絡「いたします」ので、お待ちください。,確認次第こちらよりご連絡「します」ので、お待ちください。
317,てください,確認次第こちらよりご連絡いたしますので、「お待ちください」。,確認次第こちらよりご連絡いたしますので、「待ってください」。
318,もらう,では、今年の課題についてお話し「いただけます」か？,では、今年の課題についてお話し「もらえます」か？
319,します,今年度も、よろしくお願い「いたします」。,今年度も、よろしくお願い「します」。
320,します,こちらこそ、よろしくお願い「いたします」。,こちらこそ、よろしくお願い「します」。
321,もらう,膝パットでも出て「いただいた」フットボール選手に出演が交渉済みで、後は内容と場所を決定するだけだ。,膝パットでも出て「もらった」フットボール選手に出演が交渉済みで、後は内容と場所を決定するだけだ。
322,もらう,総括していただく吉川さんより、詳細について報告して「いただき」ます。,総括していただく吉川さんより、詳細について報告して「もらい」ます。
323,います,今回は１０周年ということもありまして、関東地区だけではなく、北海道から沖縄まで全国のメンバーさんにお声かけして「おります」。,今回は１０周年ということもありまして、関東地区だけではなく、北海道から沖縄まで全国のメンバーさんにお声かけして「います」。
324,います,今の所参加が確定しているのは約１５０名ですが、未返信の方も「おります」ので、約１８０名を想定して準備を進めていきます。,今の所参加が確定しているのは約１５０名ですが、未返信の方も「います」ので、約１８０名を想定して準備を進めていきます。
325,もらう,まず新たな企画を考えてくれた内田さん、内容を説明して「いただけます」か？,まず新たな企画を考えてくれた内田さん、内容を説明して「もらえます」か？
326,います,お土産は毎年陶器が多かったのですが、今回は飛行機に乗って来られる方も「いらっしゃいます」ので、軽くて壊れにくく、あまり大きくないものを何か考えています。,お土産は毎年陶器が多かったのですが、今回は飛行機に乗って来られる方も「います」ので、軽くて壊れにくく、あまり大きくないものを何か考えています。
327,います,何か他に意見がある方「いらっしゃいます」か？,何か他に意見がある方「います」か？
328,どう,タブレットは「いかが」ですか？,タブレットは「どう」ですか？
329,どう,「いかが」ですか？,「どう」ですか？
330,します,ではタブレット百八十個分の見積もりを後ほど提出「いたします」。,ではタブレット百八十個分の見積もりを後ほど提出「します」。
331,します,では主任からお願い「致します」。,では主任からお願い「します」。
332,します,分からない事がたくさんあると思いますので、声掛けを積極的に行うようにお願い「致します」。,分からない事がたくさんあると思いますので、声掛けを積極的に行うようにお願い「します」。
333,います,何か質問がある方は「いらっしゃいます」か？,何か質問がある方は「います」か？
334,もらう,筧さん、朝礼の後に一度確認のため、見に行って来て「いただけます」か。,筧さん、朝礼の後に一度確認のため、見に行って来て「もらえます」か。
335,もらう,それから、会議の資料は全２０部の予定でしたが、追加でもう３部ほど用意しておいて「いただけます」か？,それから、会議の資料は全２０部の予定でしたが、追加でもう３部ほど用意しておいて「もらえます」か？
336,します,帰宅の際は東口の非常階段を利用するようにお願い「致します」。,帰宅の際は東口の非常階段を利用するようにお願い「します」。
337,います,他に何か質問がある方は「いらっしゃいます」か？,他に何か質問がある方は「います」か？
338,います,お母様はどちらに住んで「いらっしゃいます」か？,お母様はどちらに住んで「います」か？
339,どう,引き継ぎの状況は「いかが」ですか？,引き継ぎの状況は「どう」ですか？
340,てください,書類はメールにて本日中に送付しておきますので「ご確認ください」。,書類はメールにて本日中に送付しておきますので「確認してください」。
341,もらう,全て目を通して「いただいた」ら、署名して明日中に返信いただけると助かります。,全て目を通して「もらった」ら、署名して明日中に返信いただけると助かります。
342,します,失礼「いたします」。,失礼「します」。
343,もらう,田中さんのチームから３名、佐藤さんのチームから３名ずつ選んで「いただき」たいのですが。,田中さんのチームから３名、佐藤さんのチームから３名ずつ選んで「もらい」たいのですが。
344,もらう,佐藤さん、電話マニュアルの作成をこのあと少し手伝って「いただけます」か？,佐藤さん、電話マニュアルの作成をこのあと少し手伝って「もらえます」か？
345,います,A社は前回の受注量を2か月に1回納入してほしいと言って「おります」。,A社は前回の受注量を2か月に1回納入してほしいと言って「います」。
346,と申します,株式会社Cの田中「と申します」。,株式会社Cの田中「です」。
347,もらう,本日は佐藤部長と15時から打合せの予定で訪問させて「いただき」ました。,本日は佐藤部長と15時から打合せの予定で訪問させて「もらい」ました。
348,てください,佐藤はすぐに参りますので、こちらのお部屋で少々「お待ちください」。,佐藤はすぐに参りますので、こちらのお部屋で少々「待ってください」。
349,もらう,前回と同じ量を2か月に1度、年に6回納入して「いただき」たいです。,前回と同じ量を2か月に1度、年に6回納入して「もらい」たいです。
350,もらう,明日以降に改めてスケジュールの詳細を連絡させて「いただき」ますね。,明日以降に改めてスケジュールの詳細を連絡させて「もらい」ますね。
351,と申します,A株式会社の佐藤「と申します」が、田中さんはいらっしゃいますか？,A株式会社の佐藤「です」が、田中さんはいらっしゃいますか？
352,います,A株式会社の佐藤と申しますが、田中さんは「いらっしゃいます」か？,A株式会社の佐藤と申しますが、田中さんは「います」か？
353,てください,田中ですね、少々「お待ちください」。,田中ですね、少々「待ってください」。
354,います,いつもお世話になって「おります」。,いつもお世話になって「います」。
355,います,佐藤部長、いつもお世話になって「おります」。,佐藤部長、いつもお世話になって「います」。
356,もらう,実は先日ご提出「いただいた」見積の件で、近々弊社に来ていただくことは可能でしょうか？,実は先日ご提出「もらった」見積の件で、近々弊社に来ていただくことは可能でしょうか？
357,どう,一番直近ですと、明日の14時以降か、明後日の午前中でしたら大丈夫ですが、ご都合は「いかが」ですか？,一番直近ですと、明日の14時以降か、明後日の午前中でしたら大丈夫ですが、ご都合は「どう」ですか？
358,もらう,では、明日の15時に訪問させて「いただき」ますね。,では、明日の15時に訪問させて「もらい」ますね。
359,います,いつもお世話になって「おります」。,いつもお世話になって「います」。
360,と申します,A株式会社の佐藤「と申します」が、田中さんはいらっしゃいますか？,A株式会社の佐藤「です」が、田中さんはいらっしゃいますか？
361,います,A株式会社の佐藤と申しますが、田中さんは「いらっしゃいます」か？,A株式会社の佐藤と申しますが、田中さんは「います」か？
362,てください,田中ですね、少々「お待ちください」。,田中ですね、少々「待ってください」。
363,います,佐藤部長、いつもお世話になって「おります」。,佐藤部長、いつもお世話になって「います」。
364,もらう,納入「いただいた」製品は問題なく、全て順調です。,納入「もらった」製品は問題なく、全て順調です。
365,もらう,早速ですが、新しい見積をお願いしたく、連絡させて「いただき」ました。,早速ですが、新しい見積をお願いしたく、連絡させて「もらい」ました。
366,もらう,詳細はすぐにメールしますので、ご確認「いただけます」か？,詳細はすぐにメールしますので、ご確認「もらえます」か？
367,もらう,確認次第、すぐに対応させて「いただき」ます。,確認次第、すぐに対応させて「もらい」ます。
368,います,いつもお世話になって「おります」。,いつもお世話になって「います」。
369,と申します,A株式会社の佐藤「と申します」が、田中さんはいらっしゃいますか？,A株式会社の佐藤「です」が、田中さんはいらっしゃいますか？
370,います,A株式会社の佐藤と申しますが、田中さんは「いらっしゃいます」か？,A株式会社の佐藤と申しますが、田中さんは「います」か？
371,います,申し訳ございません、田中はただ今外出して「おります」。,申し訳ございません、田中はただ今外出して「います」。
372,もらう,先日納品頂いた商品の請求書をそろそろ「いただき」たく、連絡させて「いただき」ました。,先日納品頂いた商品の請求書をそろそろ「もらい」たく、連絡させて「もらい」ました。
373,します,田中が帰社次第、折り返し連絡させるように「致します」ね。,田中が帰社次第、折り返し連絡させるように「します」ね。
374,と申します,株式会社Cの田中「と申します」。,株式会社Cの田中「です」。
375,います,佐藤部長は「いらっしゃいます」か？,佐藤部長は「います」か？
376,います,「おります」よ、少々お待ちください。,「います」よ、少々お待ちください。
377,てください,おりますよ、少々「お待ちください」。,おりますよ、少々「待ってください」。
378,います,いつもお世話になって「おります」、田中です。,いつもお世話になって「います」、田中です。
379,います,田中さん、いつもお世話になって「おります」。,田中さん、いつもお世話になって「います」。
380,もらう,いえいえ、受注「いただき」ありがとうございます。,いえいえ、受注「もらい」ありがとうございます。
381,もらう,ではこのまま進めさせて「いただき」ますので、宜しくお願い致します。,ではこのまま進めさせて「もらい」ますので、宜しくお願い致します。
382,します,ではこのまま進めさせていただきますので、宜しくお願い「致します」。,ではこのまま進めさせていただきますので、宜しくお願い「します」。
383,もらう,本日はお越し「いただき」ありがとうございます。,本日はお越し「もらい」ありがとうございます。
384,どう,先日送付させていただきました見積は「いかが」でしたか？,先日送付させていただきました見積は「どう」でしたか？
385,もらう,先日送付させて「いただき」ました見積はいかがでしたか？,先日送付させて「もらい」ました見積はいかがでしたか？
386,と申します,株式会社Cの田中「と申します」。,株式会社Cの田中「です」。
387,います,佐藤部長は「いらっしゃいます」か？,佐藤部長は「います」か？
388,てください,はい、少々「お待ちください」。,はい、少々「待ってください」。
389,てください,承知しました、少々「お待ちください」。,承知しました、少々「待ってください」。
390,と申します,株式会社Cの田中「と申します」。,株式会社Cの田中「です」。
391,います,佐藤部長は「いらっしゃいます」か？,佐藤部長は「います」か？
392,てください,佐藤ですね、少々「お待ちください」。,佐藤ですね、少々「待ってください」。
393,します,失礼「致します」。,失礼「します」。
394,もらう,A社への見積、今データ送りましたので見て「いただけます」か？,A社への見積、今データ送りましたので見て「もらえます」か？
395,てください,今確認するので少々「お待ちください」。,今確認するので少々「待ってください」。
396,います,いつもお世話になって「おります」。,いつもお世話になって「います」。
397,と申します,A社の鈴木「と申します」。,A社の鈴木「です」。
398,います,佐藤さんは「いらっしゃいます」か？,佐藤さんは「います」か？
399,てください,はい、おつなぎしますので少々「お待ちください」。,はい、おつなぎしますので少々「待ってください」。
400,てください,少々「お待ちください」。,少々「待ってください」。
401,います,鈴木です、いつもお世話になって「おります」。,鈴木です、いつもお世話になって「います」。
402,います,いつもお世話になって「おります」。,いつもお世話になって「います」。
403,どう,すみません、先日お願いしていた見積もりですが、「いかが」ですか？,すみません、先日お願いしていた見積もりですが、「どう」ですか？
404,どう,すみません、先週お話しした会食の件、ご都合「いかが」ですか？,すみません、先週お話しした会食の件、ご都合「どう」ですか？
405,と申します,O社の久保「と申します」。,O社の久保「です」。
406,います,いつもお世話になって「おります」。,いつもお世話になって「います」。
407,てください,お使いになるパソコンの台数分のライセンスを「ご購入ください」。,お使いになるパソコンの台数分のライセンスを「購入してください」。
408,もらう,不具合のご報告を「いただいた」営業さんに、送って見てもらった方がいいですよね。,不具合のご報告を「もらった」営業さんに、送って見てもらった方がいいですよね。
409,もらう,はい、少々お待ち「いただけます」か。,はい、少々お待ち「もらえます」か。
410,します,ではよろしくお願い「いたします」。,ではよろしくお願い「します」。
411,と申します,製品A担当の竹内「と申します」。,製品A担当の竹内「です」。
412,います,いつもお世話になって「おります」。,いつもお世話になって「います」。
413,います,お世話になって「おります」。,お世話になって「います」。
414,と申します,M社の吉田「と申します」。,M社の吉田「です」。
415,もらう,じゃあそれ、どっちも「いただけます」か。,じゃあそれ、どっちも「もらえます」か。
416,もらう,メールアドレスを教えて「いただけます」か？,メールアドレスを教えて「もらえます」か？
417,もらう,復唱させて「いただき」ます。,復唱させて「もらい」ます。
418,と申します,M社の吉田「と申します」。,M社の吉田「です」。
419,います,いつもお世話になって「おります」。,いつもお世話になって「います」。
420,います,お世話になって「おります」。,お世話になって「います」。
421,てください,少々「お待ちください」。,少々「待ってください」。
422,と申します,竹内「と申します」。,竹内「です」。
423,します,確認「いたします」ね。,確認「します」ね。
424,てください,少々「お待ちください」。,少々「待ってください」。
425,と申します,竹田「と申します」。,竹田「です」。
426,てください,金額が合っているか、「お確かめください」。,金額が合っているか、「確かめてください」。
427,と申します,お世話になっております。K社の松井「と申します」。,お世話になっております。K社の松井「です」。
428,います,お世話になって「おります」。K社の松井と申します。,お世話になって「います」。K社の松井と申します。
429,います,いつもお世話になって「おります」。,いつもお世話になって「います」。
430,てください,はい、少々「お待ちください」。,はい、少々「待ってください」。
431,います,はい、確かに届いて「おります」。,はい、確かに届いて「います」。
432,もらう,手書きの部分がちょっと見えづらいので、お送り「いただいた」ほうがよろしいかもしれないです。,手書きの部分がちょっと見えづらいので、お送り「もらった」ほうがよろしいかもしれないです。
433,もらう,届いてみて、あまり変わらなければ、お電話「いただけます」か？,届いてみて、あまり変わらなければ、お電話「もらえます」か？
434,します,お手数をおかけ「いたします」が、よろしくお願いします。,お手数をおかけ「します」が、よろしくお願いします。
435,します,ジャケットをお返し「いたします」。,ジャケットをお返し「します」。
436,てください,お帰りの便では、ぜひゆっくり「お過ごしください」。,お帰りの便では、ぜひゆっくり「過ごしてください」。
437,います,またお帰りの便でお待ちして「おります」。,またお帰りの便でお待ちして「います」。
438,てください,どうぞお気を付けて「お出かけください」。,どうぞお気を付けて「出かけてください」。
439,どう,到着前のお食事は「いかが」なさいますか？,到着前のお食事は「どう」なさいますか？
440,どう,それでは、おうどんやフルーツとヨーグルトなどの軽食は「いかが」ですか？,それでは、おうどんやフルーツとヨーグルトなどの軽食は「どう」ですか？
441,います,化粧室が混雑して「おります」ので、お飲み物だけ先にお持ちしておきます。,化粧室が混雑して「います」ので、お飲み物だけ先にお持ちしておきます。
442,します,空き次第すぐにご案内「いたします」。,空き次第すぐにご案内「します」。
443,どう,アイマスクや耳栓をお使いになってみては「いかが」ですか？,アイマスクや耳栓をお使いになってみては「どう」ですか？
444,てください,はい、岸本さんも、日本へ帰国の際は「ご連絡ください」。,はい、岸本さんも、日本へ帰国の際は「連絡してください」。
445,もらう,同じ講師仲間から言って「いただいた」ほうが良いかと。,同じ講師仲間から言って「もらった」ほうが良いかと。
446,します,はい、失礼「いたします」。,はい、失礼「します」。
447,てください,はい、お手元資料の10ページを「ご覧ください」。,はい、お手元資料の10ページを「見てください」。
448,もらう,それも原因の一つではあるんですが、去年夏の電気使用量を見て「いただけます」か？,それも原因の一つではあるんですが、去年夏の電気使用量を見て「もらえます」か？
449,もらう,あまりにも急激に増えているので、先日、空調メンテナンスの方に来て「いただき」ました。,あまりにも急激に増えているので、先日、空調メンテナンスの方に来て「もらい」ました。
450,もらう,じゃ、あとバイトさんのことですが、シフト表を作ったので見て「いただけます」か？,じゃ、あとバイトさんのことですが、シフト表を作ったので見て「もらえます」か？
451,います,はい、それは十分に覚悟して「おります」。,はい、それは十分に覚悟して「います」。
452,と申します,私A社の谷本「と申します」が、経理の竹田さんはいらっしゃいますか？,私A社の谷本「です」が、経理の竹田さんはいらっしゃいますか？
453,います,私A社の谷本と申しますが、経理の竹田さんは「いらっしゃいます」か？,私A社の谷本と申しますが、経理の竹田さんは「います」か？
454,てください,はい、少々「お待ちください」。,はい、少々「待ってください」。
455,います,あ、ご無沙汰して「おります」。,あ、ご無沙汰して「います」。
456,てください,手元の資料を「ご覧ください」。,手元の資料を「見てください」。
457,もらう,じゃ、そうさせて「いただき」ます。,じゃ、そうさせて「もらい」ます。
458,もらう,研究者たちの性格や働き方も実際に見て「いただき」たかったんですよね。,研究者たちの性格や働き方も実際に見て「もらい」たかったんですよね。
459,もらう,エンジニアの皆さんにもぜひ研究室を見て「いただき」たいです。,エンジニアの皆さんにもぜひ研究室を見て「もらい」たいです。
460,てください,お手元の会議目録を「ご覧ください」。,お手元の会議目録を「見てください」。
461,てください,その他、設備についての細かいスペックは添付資料を「ご覧ください」。,その他、設備についての細かいスペックは添付資料を「見てください」。
462,と申します,B社の竹内「と申します」。,B社の竹内「です」。
463,もらう,リネン類の集荷をご希望の際はコンピューター上でお申込み「いただけます」。,リネン類の集荷をご希望の際はコンピューター上でお申込み「もらえます」。
464,もらう,洗濯物を紛失することがないよう、弊社のハイテク処理システムで全行程を通して状況を追跡して「いただけます」。,洗濯物を紛失することがないよう、弊社のハイテク処理システムで全行程を通して状況を追跡して「もらえます」。
465,もらう,予約を取りつけて「いただき」、ありがとうございます！,予約を取りつけて「もらい」、ありがとうございます！
466,もらう,各階責任者の皆さん、研修にお越し「いただき」ありがとうございます。,各階責任者の皆さん、研修にお越し「もらい」ありがとうございます。
467,もらう,皆さんにはそれぞれの階の安全管理責任がありますので、緊急時の手順を知って「いただき」たいと思います。,皆さんにはそれぞれの階の安全管理責任がありますので、緊急時の手順を知って「もらい」たいと思います。
468,もらう,まず、責任者の皆さんには自分の階の従業員ひとりひとりに赤い防災リュックを配って「いただき」ます。,まず、責任者の皆さんには自分の階の従業員ひとりひとりに赤い防災リュックを配って「もらい」ます。
469,てください,まだ受け取っていなければ「お知らせください」。,まだ受け取っていなければお知らせください。
470,もらう,より安全な職場作りにご協力「いただき」、誠にありがとうございます！,より安全な職場作りにご協力「もらい」、誠にありがとうございます！
471,てください,各階のトレーニングを終えたら今週末までに必ず「ご報告ください」。,各階のトレーニングを終えたら今週末までに必ず「報告してください」。
472,てください,さらに変更の必要があれば私の連絡先まで「お知らせください」。,さらに変更の必要があれば私の連絡先までお知らせください。
473,てください,追加トレーニングについての情報をお送りしますので「ご検討ください」。,追加トレーニングについての情報をお送りしますので「検討してください」。
474,てください,なにかありましたら「ご連絡ください」。,なにかありましたら「連絡してください」。
475,てください,「お任せください」。,「任せてください」。
476,もらう,本当に、うちを選んで「いただき」光栄です。,本当に、うちを選んで「もらい」光栄です。
477,てください,三つとも他とはかなり違ったデザインになっていますので、見た目だけではなく、そちらのニーズに合ったものを「お選びください」ね。,三つとも他とはかなり違ったデザインになっていますので、見た目だけではなく、そちらのニーズに合ったものを「選んでください」ね。
478,てください,じっくり皆さんで「ご検討ください」。,じっくり皆さんで「検討してください」。
479,てください,では、経理部に回しますのでしばらく「お待ちください」。,では、経理部に回しますのでしばらく「待ってください」。
480,と申します,もしもし、B社経理の岡本「と申します」。,もしもし、B社経理の岡本「です」。
481,います,いつも商品を買わせていただいており、お世話になって「おります」。,いつも商品を買わせていただいており、お世話になって「います」。
482,てください,ちょっと調べてみますので「お待ちください」。,ちょっと調べてみますので「待ってください」。
483,します,よろしくお願い「いたします」。,よろしくお願い「します」。
484,もらう,ええ、お手数ですが、コピーを送って「いただけます」か？,ええ、お手数ですが、コピーを送って「もらえます」か？
485,もらう,では、電話を切ったらすぐに送らせて「いただき」ます。,では、電話を切ったらすぐに送らせて「もらい」ます。
486,てください,「お任せください」。,「任せてください」。
487,います,もしもし、山口武夫さまは「いらっしゃいます」か？,もしもし、山口武夫さまは「います」か？
488,と申します,私、P社大阪支社人事部の竹田「と申します」。,私、P社大阪支社人事部の竹田「です」。
489,もらう,実は、先日「いただいた」履歴書についてお話したいのですが。,実は、先日「もらった」履歴書についてお話したいのですが。
490,います,はい、この求人の直属上司となる者が見たところ、山口様の経験と実績の内容が希望通りなので一度会って話したいと申して「おります」。,はい、この求人の直属上司となる者が見たところ、山口様の経験と実績の内容が希望通りなので一度会って話したいと申して「います」。
491,もらう,そこで、弊社に面接に来て「いただき」たいのですが、今週お時間ありますか？,そこで、弊社に面接に来て「もらい」たいのですが、今週お時間ありますか？
492,どう,では、金曜の午前中は「いかが」でしょうか？,では、金曜の午前中は「どう」でしょうか？
493,もらう,では、10時にお伺いさせて「いただき」ます。,では、10時にお伺いさせて「もらい」ます。
494,います,そこで私がお待ちして「おります」。,そこで私がお待ちして「います」。
495,もらう,先日、履歴書と一緒に発表論文などもお送り「いただいた」のですが、他に何かあれば面接時にお持ちください。,先日、履歴書と一緒に発表論文などもお送り「もらった」のですが、他に何かあれば面接時にお持ちください。
496,てください,先日、履歴書と一緒に発表論文などもお送りいただいたのですが、他に何かあれば面接時に「お持ちください」。,先日、履歴書と一緒に発表論文などもお送りいただいたのですが、他に何かあれば面接時にお持ちください。
497,します,はい、では金曜日によろしくお願い「いたします」。,はい、では金曜日によろしくお願い「します」。
498,てください,こちらですので、「ご確認ください」。,こちらですので、「確認してください」。
499,もらう,最終的に処理する前に、記入漏れなどがないか確認したいので、出来れば水曜までに提出「いただけます」か。,最終的に処理する前に、記入漏れなどがないか確認したいので、出来れば水曜までに提出「もらえます」か。
500,もらう,今日は、当社までご足労「いただき」ありがとうございます。,今日は、当社までご足労「もらい」ありがとうございます。
501,します,それでは、当社のデータベースツールの使い方をご説明「いたします」。,それでは、当社のデータベースツールの使い方をご説明「します」。
502,てください,ご質問があれば、ご遠慮なく、その都度「お尋ねください」。,ご質問があれば、ご遠慮なく、その都度「来てください」。
503,もらう,さて、今日は、ちょっと重要な件で来て「いただき」ました。,さて、今日は、ちょっと重要な件で来て「もらい」ました。
504,どう,なので、御社もその中間市場を狙ってみては「いかが」でしょうか。,なので、御社もその中間市場を狙ってみては「どう」でしょうか。
505,てください,では、タクシーの手配をしてきますので、少々「お待ちください」。,では、タクシーの手配をしてきますので、少々「待ってください」。
506,もらう,そうでしたら、当スクールでは「企業向け英会話コース」をビギナーレベルからアドバンスまで各種用意していますので、その中から御社のニーズに合ったコースをお選び「いただけます」。,そうでしたら、当スクールでは「企業向け英会話コース」をビギナーレベルからアドバンスまで各種用意していますので、その中から御社のニーズに合ったコースをお選び「もらえます」。
507,てください,ぜひ「お越しください」。,ぜひ「来てください」。
508,もらう,あと、予算との兼ね合いがあるので、料金表などがあれば見せて「いただき」たいのですが。,あと、予算との兼ね合いがあるので、料金表などがあれば見せて「もらい」たいのですが。
509,します,では、こちらのほうで一時間レッスンを月二回、一年間コースの料金見積を出して、折り返しお電話「いたします」。,では、こちらのほうで一時間レッスンを月二回、一年間コースの料金見積を出して、折り返しお電話「します」。
510,もらう,失礼ですが、お名前のほう教えて「いただけます」か？,失礼ですが、お名前のほう教えて「もらえます」か？
511,と申します,B社人事部の田口「と申します」。,B社人事部の田口「です」。
512,します,よろしくお願い「いたします」。,よろしくお願い「します」。
513,します,はい、これは私の直通電話なので、こちらにお願い「いたします」。,はい、これは私の直通電話なので、こちらにお願い「します」。
514,します,では、また後ほどお電話「いたします」。,では、また後ほどお電話「します」。
515,います,お待ちして「おります」。,お待ちして「います」。
516,します,さて、次は、英語プレゼンのコツをご紹介「いたします」。,さて、次は、英語プレゼンのコツをご紹介「します」。
517,もらう,部屋も見させて「いただき」ましたが。,部屋も見させて「もらい」ましたが。
518,と申します,N社の山崎「と申します」。,N社の山崎「です」。
519,もらう,本日はお集まり「いただき」ありがとうございます。,本日はお集まり「もらい」ありがとうございます。
520,もらう,すみません、どなたかドアの近くの電気スイッチを暗くして「いただけます」でしょうか？,すみません、どなたかドアの近くの電気スイッチを暗くして「もらえます」でしょうか？
521,てください,ご質問があれば、その都度、ご遠慮なく「おたずねください」。,ご質問があれば、その都度、ご遠慮なく「来てください」。
522,もらう,さて、先日「日本の流通」の本の表紙案を何件か「いただいた」んですが。,さて、先日「日本の流通」の本の表紙案を何件か「もらった」んですが。
523,します,失礼「いたします」。,失礼「します」。
524,もらう,マネジャーに訊いてきますから、そちらでお待ち「いただけます」か？,マネジャーに訊いてきますから、そちらでお待ち「もらえます」か？
525,と申します,はい、A社カスタマーサービスの田中「と申します」。,はい、A社カスタマーサービスの田中「です」。
526,てください,少々「お待ちください」ませ。,少々「待ってください」ませ。
527,います,当社の手配ミスで配送が遅れて「おります」。,当社の手配ミスで配送が遅れて「います」。
528,います,明日までには配達予定となって「おります」ので、申し訳ありませんがもう少々お待ちください。,明日までには配達予定となって「います」ので、申し訳ありませんがもう少々お待ちください。
529,てください,明日までには配達予定となっておりますので、申し訳ありませんがもう少々「お待ちください」。,明日までには配達予定となっておりますので、申し訳ありませんがもう少々「待ってください」。
530,します,今後このようなことがないように「いたします」。,今後このようなことがないように「します」。
531,もらう,はい、今回ご迷惑をおかけしましたので、お詫びのしるしに送料の方を返金させて「いただき」たいと思います。,はい、今回ご迷惑をおかけしましたので、お詫びのしるしに送料の方を返金させて「もらい」たいと思います。
532,もらう,お支払い「いただき」ましたクレジットカードの方に1000円の返金をいたしますのでよろしくお願いいたします。,お支払い「もらい」ましたクレジットカードの方に1000円の返金をいたしますのでよろしくお願いいたします。
533,します,お支払いいただきましたクレジットカードの方に1000円の返金を「いたします」のでよろしくお願い「いたします」。,お支払いいただきましたクレジットカードの方に1000円の返金を「します」のでよろしくお願い「します」。
534,します,今後ともよろしくお願い「いたします」。,今後ともよろしくお願い「します」。
535,します,それでは失礼「いたします」。,それでは失礼「します」。
536,もらう,少し考える時間を「いただき」たいです。,少し考える時間を「もらい」たいです。
537,します,では月末までにはお知らせ「いたします」。,では月末までにはお知らせ「します」。
538,と申します,ABCトレーディングの斉藤「と申します」が、西村様いらっしゃいますでしょうか。,ABCトレーディングの斉藤「です」が、西村様いらっしゃいますでしょうか。
539,います,ABCトレーディングの斉藤と申しますが、西村様「いらっしゃいます」でしょうか。,ABCトレーディングの斉藤と申しますが、西村様「います」でしょうか。
540,てください,少々「おまちください」。,少々「まってください」。
541,と申します,ABCトレーディングの斉藤「と申します」。,ABCトレーディングの斉藤「です」。
542,もらう,先週お見積り「いただいた」自動車部品の件でご相談がありまして。,先週お見積り「もらった」自動車部品の件でご相談がありまして。
543,います,実は、先方から値引きをお願いされて「おります」。,実は、先方から値引きをお願いされて「います」。
544,します,先方にはボリュームの方で交渉「いたします」ので。,先方にはボリュームの方で交渉「します」ので。
545,します,よろしくお願い「いたします」。,よろしくお願い「します」。
546,と申します,すみません、A食品の高坂「と申します」。,すみません、A食品の高坂「です」。
547,います,営業企画部の坂田さんは「いらっしゃいます」か？,営業企画部の坂田さんは「います」か？
548,します,只今確認「いたします」ので、少々お待ち下さい。,只今確認「します」ので、少々お待ち下さい。
549,います,はい、A食品の高坂様ですね、本日10時で承って「おります」。,はい、A食品の高坂様ですね、本日10時で承って「います」。
550,もらう,本日はご足労「いただき」まして、本当にありがとうございます。,本日はご足労「もらい」まして、本当にありがとうございます。
551,もらう,じゃ、コーヒーを「いただき」ます。,じゃ、コーヒーを「もらい」ます。
552,します,よろしくお願い「いたします」。,よろしくお願い「します」。
553,します,その旨必ず伝えまして、なるべく早くお返事「いたします」。,その旨必ず伝えまして、なるべく早くお返事「します」。
554,もらう,残念ですが、この後すぐもう一件打ち合わせがありますので、これで失礼させて「いただき」ます。,残念ですが、この後すぐもう一件打ち合わせがありますので、これで失礼させて「もらい」ます。
555,と申します,T社の上田「と申します」。,T社の上田「です」。
556,てください,かしこまりました、少々「お待ちください」ませ。,かしこまりました、少々「待ってください」ませ。
557,います,申し訳ございませんが村上は本日お休みをいただいて「おります」。,申し訳ございませんが村上は本日お休みをいただいて「います」。
558,どう,私でよろしければ代わりにご用件を承りますが「いかが」いたしましょうか？,私でよろしければ代わりにご用件を承りますが「どう」いたしましょうか？
559,もらう,実は先日ご提案「いただいた」新価格表についてお話ししたかったのですが。,実は先日ご提案「もらった」新価格表についてお話ししたかったのですが。
560,もらう,加藤さん、ミーティングのためにお時間を作って「いただき」、ありがとうございます。,加藤さん、ミーティングのためにお時間を作って「もらい」、ありがとうございます。
561,もらう,会議に関してのご連絡を「いただき」ありがとうございました。,会議に関してのご連絡を「もらい」ありがとうございました。
562,もらう,建設の予定と新しい工場を使って行う予定の製造プランを拝見させて「いただき」たいです。,建設の予定と新しい工場を使って行う予定の製造プランを拝見させて「もらい」たいです。
563,します,もちろんです、私が手配「いたします」。,もちろんです、私が手配「します」。
564,します,その間にこちらの件の詳細と条件をB会社に送っていただければ、私どもで確認「いたします」。,その間にこちらの件の詳細と条件をB会社に送っていただければ、私どもで確認「します」。
565,もらう,ご検討「いただき」ありがとうございます。,ご検討「もらい」ありがとうございます。
566,もらう,では来週連絡をさせて「いただき」、早めに工事の予定をお渡しいたします。,では来週連絡をさせて「もらい」、早めに工事の予定をお渡しいたします。
567,します,では来週連絡をさせていただき、早めに工事の予定をお渡し「いたします」。,では来週連絡をさせていただき、早めに工事の予定をお渡し「します」。
568,てください,新しい情報が入ったらまた「ご連絡ください」。,新しい情報が入ったらまた「連絡してください」。
569,もらう,吉田さん、お電話でお話しさせて「いただき」ありがとうございます。,吉田さん、お電話でお話しさせて「もらい」ありがとうございます。
570,もらう,急にご連絡を差し上げたにも関わらずお話しさせて「いただき」とても光栄です。,急にご連絡を差し上げたにも関わらずお話しさせて「もらい」とても光栄です。
571,と申します,私はT社の松本「と申します」。,私はT社の松本「です」。
572,います,大谷さまは「いらっしゃいます」か？,大谷さまは「います」か？
573,います,申し訳ございませんが、大谷はただいま外出して「おります」。,申し訳ございませんが、大谷はただいま外出して「います」。
574,します,はい、よろしくお願い「いたします」。,はい、よろしくお願い「します」。
575,します,スケジュールを確認「いたします」。,スケジュールを確認「します」。
576,てください,少々「お待ちください」ませ。,少々「待ってください」ませ。
577,います,はい、26日午前11時から、2番の会議室をお取りして「おります」。,はい、26日午前11時から、2番の会議室をお取りして「います」。
578,もらう,用件ですが、大谷さまに折り返しお電話いただけるようお伝え「いただけます」でしょうか？,用件ですが、大谷さまに折り返しお電話いただけるようお伝え「もらえます」でしょうか？
579,います,でも、我々の部署でも産休から復帰をされた方は「いらっしゃいます」ので、きっと大丈夫ですよ。,でも、我々の部署でも産休から復帰をされた方は「います」ので、きっと大丈夫ですよ。
580,と申します,営業部の鈴木「と申します」。,営業部の鈴木「です」。
581,と申します,私はB社の本田「と申します」。,私はB社の本田「です」。
582,します,はい、お調べ「いたします」。,はい、お調べ「します」。
583,もらう,出荷次第トラッキング情報を含めた確認のＥメールを送らせて「いただき」ます。,出荷次第トラッキング情報を含めた確認のＥメールを送らせて「もらい」ます。
584,もらう,課長に見て「いただき」たい箇所がありますので、あとで、少しお時間をいただけますか？,課長に見て「もらい」たい箇所がありますので、あとで、少しお時間をいただけますか？
585,もらう,課長に見ていただきたい箇所がありますので、あとで、少しお時間を「いただけます」か？,課長に見ていただきたい箇所がありますので、あとで、少しお時間を「もらえます」か？
586,します,はい、それは、次のスライドでご説明「いたします」。,はい、それは、次のスライドでご説明「します」。
587,します,えーと、最新の正確な数字については、ただ今資料を持ち合わせていないので、社に戻りましたら、折り返しご返事「いたします」。,えーと、最新の正確な数字については、ただ今資料を持ち合わせていないので、社に戻りましたら、折り返しご返事「します」。
588,てください,再度お名前を呼びますので、一旦外に出て「お待ちください」。,再度お名前を呼びますので、一旦外に出て「待ってください」。
589,します,まずはお客様のお名前と、お電話番号をお願い「いたします」。,まずはお客様のお名前と、お電話番号をお願い「します」。
590,します,お調べ「いたします」ので、少々お待ちくださいませ。,お調べ「します」ので、少々お待ちくださいませ。
591,てください,お調べいたしますので、少々「お待ちください」ませ。,お調べいたしますので、少々「待ってください」ませ。
592,もらう,ではこちらでどういった対応が可能か確認いたしますので、再度お待ち「いただけます」でしょうか。,ではこちらでどういった対応が可能か確認いたしますので、再度お待ち「もらえます」でしょうか。
593,します,ではこちらでどういった対応が可能か確認「いたします」ので、再度お待ちいただけますでしょうか。,ではこちらでどういった対応が可能か確認「します」ので、再度お待ちいただけますでしょうか。
594,もらう,確認のEメールをお客様のEメールアカウントにお送りさせて「いただき」ました。,確認のEメールをお客様のEメールアカウントにお送りさせて「もらい」ました。
595,もらう,本日は、田辺が対応させて「いただき」ました。,本日は、田辺が対応させて「もらい」ました。
596,もらう,ABCオンラインショップ、カスタマーサービスセンターをご利用「いただき」ありがとうございました。,ABCオンラインショップ、カスタマーサービスセンターをご利用「もらい」ありがとうございました。
597,もらう,では、ぜひ面接に来て「いただき」たいと思います。,では、ぜひ面接に来て「もらい」たいと思います。
598,てください,スーツ着用で、履歴書を「お持ちください」。,スーツ着用で、履歴書をお持ちください。
599,もらう,はい、行かせて「いただき」ます。,はい、行かせて「もらい」ます。
600,います,うちのお客様もたくさん気に入って「いらっしゃいます」よね。,うちのお客様もたくさん気に入って「います」よね。
601,います,ご無沙汰して「おります」。,ご無沙汰して「います」。
602,もらう,好きな時間に受講して「いただけます」よ。,好きな時間に受講して「もらえます」よ。
603,もらう,そうです、何度でも見て「いただけます」。,そうです、何度でも見て「もらえます」。
604,します,では、今日はこれで失礼「いたします」。,では、今日はこれで失礼「します」。
605,もらう,では、その文書側の印刷設定を確認してみて「いただけます」か。,では、その文書側の印刷設定を確認してみて「もらえます」か。
606,もらう,5人前を8000円ぐらいで作って「いただき」たいのですが。,5人前を8000円ぐらいで作って「もらい」たいのですが。
607,もらう,ピーナッツは、アレルギーの者がいるので、入れないで「いただき」たいです。,ピーナッツは、アレルギーの者がいるので、入れないで「もらい」たいです。
608,てください,何か変更などありましたら、「お電話ください」。,何か変更などありましたら、「電話をかけてください」。
609,どう,受け取り時間は、「いかが」いたしましょうか？,受け取り時間は、「どう」いたしましょうか？
610,と申します,田村「と申します」。,田村「です」。
611,します,エレンの予定を確認「いたします」ね。,エレンの予定を確認「します」ね。
612,てください,少々「お待ちください」。,少々「待ってください」。
613,どう,「いかが」いたしましょうか。,「どう」いたしましょうか。
614,います,お待ちして「おります」。,お待ちして「います」。
615,どう,50ドル以上お買い上げいただくと、こちらのプレゼントを差しあげられるのですが、「いかが」でしょうか。,50ドル以上お買い上げいただくと、こちらのプレゼントを差しあげられるのですが、「どう」でしょうか。
616,どう,こちらのセットをもう1箱追加されると50ドルを超えますが、「いかが」でしょうか。,こちらのセットをもう1箱追加されると50ドルを超えますが、「どう」でしょうか。
617,どう,では、こちらの商品を、バラでいくつか「いかが」ですか？,では、こちらの商品を、バラでいくつか「どう」ですか？
618,します,追加はなしでお願い「いたします」。,追加はなしでお願い「します」。
619,します,クレジットカードでお願い「いたします」。,クレジットカードでお願い「します」。
620,てください,このカードは、私共のどこの店舗でもお使いになれますので、お買い上げの際に「ご提示ください」。,このカードは、私共のどこの店舗でもお使いになれますので、お買い上げの際に「提示してください」。
621,もらう,私がさっき、お品物を落としてしまって交換させて「いただいた」とき、ダブって入力してしまったのですね。,私がさっき、お品物を落としてしまって交換させて「もらった」とき、ダブって入力してしまったのですね。
622,もらう,では、1箱分の10ドル30セント、返金させて「いただき」ます。,では、1箱分の10ドル30セント、返金させて「もらい」ます。
623,します,では、こちらにサインをお願い「いたします」。,では、こちらにサインをお願い「します」。
624,てください,お詫びにといってはなんですが、こちらどうぞ「お持ちください」。,お詫びにといってはなんですが、こちらどうぞお持ちください。
625,と申します,2512号室の三浦「と申します」。,2512号室の三浦「です」。
626,います,いいえ、サービスは24時間行って「おります」。,いいえ、サービスは24時間行って「います」。
627,どう,「いかが」されましたか？,「どう」されましたか？
628,います,三浦様、このあとはお部屋に「いらっしゃいます」か？,三浦様、このあとはお部屋に「います」か？
629,します,ではよろしくお願い「いたします」。,ではよろしくお願い「します」。
630,します,担当の者をすぐにお部屋にお送り「いたします」。,担当の者をすぐにお部屋にお送り「します」。
631,てください,私はベランダにいますので、何かあったら声をかけてくださいと、担当の方に「お伝えください」。,私はベランダにいますので、何かあったら声をかけてくださいと、担当の方にお伝えください。
632,します,それではよろしくお願い「いたします」。,それではよろしくお願い「します」。
633,います,お世話になって「おります」、D社の川田です。,お世話になって「います」、D社の川田です。
634,います,はい、弊社で作成して「おります」フリーペーパーはご存知ですか？,はい、弊社で作成して「います」フリーペーパーはご存知ですか？
635,どう,そこで今回山田珈琲さんを掲載させていただきたいのですが「いかが」でしょうか？,そこで今回山田珈琲さんを掲載させていただきたいのですが「どう」でしょうか？
636,もらう,そこで今回山田珈琲さんを掲載させて「いただき」たいのですがいかがでしょうか？,そこで今回山田珈琲さんを掲載させて「もらい」たいのですがいかがでしょうか？
637,てください,ええっと、ちょっと「お待ちください」ね。,ええっと、ちょっと「待ってください」ね。
638,どう,そうしましたら木曜日の午後などは「いかが」でしょうか？,そうしましたら木曜日の午後などは「どう」でしょうか？
639,どう,では、15時は「いかが」ですか？,では、15時は「どう」ですか？
640,と申します,もしもし、御茶ノ水店の中井「と申します」。,もしもし、御茶ノ水店の中井「です」。
641,てください,少々「お待ちください」。,少々「待ってください」。
642,います,お世話になって「おります」。,お世話になって「います」。
643,います,ああ、青木さん、お世話になって「おります」。,ああ、青木さん、お世話になって「います」。
644,てください,ちょっと「お待ちください」。,ちょっと「待ってください」。
645,もらう,前回、6月に予約して「いただいた」ホテルがいいそうなんですが、空きがありますか？,前回、6月に予約して「もらった」ホテルがいいそうなんですが、空きがありますか？
646,もらう,行かれるお二人のパスポートのコピーをお送り「いただけます」か。,行かれるお二人のパスポートのコピーをお送り「もらえます」か。
647,もらう,確認して折り返しご連絡します、と一旦切らせて「いただき」ました。,確認して折り返しご連絡します、と一旦切らせて「もらい」ました。
648,います,いつもお世話になって「おります」、A社の石橋です。,いつもお世話になって「います」、A社の石橋です。
649,います,今回の商品、いい原料を使用しまして味、香り共に深みが増したものになって「おります」。,今回の商品、いい原料を使用しまして味、香り共に深みが増したものになって「います」。
650,どう,はい、では二時は「いかが」でしょうか？,はい、では二時は「どう」でしょうか？
651,します,では明後日の午後二時に、御社へお伺いさせて頂きますのでよろしくお願い「致します」。,では明後日の午後二時に、御社へお伺いさせて頂きますのでよろしくお願い「します」。
652,します,それでは失礼「致します」。,それでは失礼「します」。
653,います,いつもお世話になって「おります」。,いつもお世話になって「います」。
654,と申します,B社の山下「と申します」が大野さんはいらっしゃいますでしょうか？,B社の山下「です」が大野さんはいらっしゃいますでしょうか？
655,います,B社の山下と申しますが大野さんは「いらっしゃいます」でしょうか？,B社の山下と申しますが大野さんは「います」でしょうか？
656,します,はい、ただいまお繋ぎ「いたします」ので少々お待ちください。,はい、ただいまお繋ぎ「します」ので少々お待ちください。
657,てください,はい、ただいまお繋ぎいたしますので少々「お待ちください」。,はい、ただいまお繋ぎいたしますので少々「待ってください」。
658,います,いつもお世話になって「おります」山下です。,いつもお世話になって「います」山下です。
659,います,こちらこそ大変お世話になって「おります」。,こちらこそ大変お世話になって「います」。
660,します,では後程メールでご確認のほど、よろしくお願い「致します」。,では後程メールでご確認のほど、よろしくお願い「します」。
661,します,失礼「致します」。,失礼「します」。
662,します,失礼「致します」。,失礼「します」。
663,します,Aクレジットカードカスタマーセンター浜田が担当「致します」。,Aクレジットカードカスタマーセンター浜田が担当「します」。
664,います,毎月月末がこちらの締日とさせて頂いて「おります」ので、今月末までにご返送いただければ翌月のお引落日に間に合うかと存じます。,毎月月末がこちらの締日とさせて頂いて「います」ので、今月末までにご返送いただければ翌月のお引落日に間に合うかと存じます。
665,します,失礼「致します」。,失礼「します」。
666,います,早速ですが、防犯カメラの設置について何か意見のある方は「いらっしゃいます」か？,早速ですが、防犯カメラの設置について何か意見のある方は「います」か？
667,います,他に意見のある方は「いらっしゃいます」か？,他に意見のある方は「います」か？
668,います,反対意見の方は「いらっしゃいます」か？,反対意見の方は「います」か？
669,います,鈴木先生ありがとうございます、他には「いらっしゃいます」か？,鈴木先生ありがとうございます、他には「います」か？
670,います,井口様、いつもお世話になって「おります」。,井口様、いつもお世話になって「います」。
671,します,かしこまりました、担当者にお繋ぎ「いたします」ので、少々お待ちくださいませ。,かしこまりました、担当者にお繋ぎ「します」ので、少々お待ちくださいませ。
672,てください,かしこまりました、担当者にお繋ぎいたしますので、少々「お待ちください」ませ。,かしこまりました、担当者にお繋ぎいたしますので、少々「待ってください」ませ。
673,います,井口様、いつもお世話になって「おります」。,井口様、いつもお世話になって「います」。
674,もらう,順番に発表して「いただき」たいと思います。,順番に発表して「もらい」たいと思います。
675,もらう,なぜなら、直後に追加で１件、当社と契約を結んで「いただいた」そうですから。,なぜなら、直後に追加で１件、当社と契約を結んで「もらった」そうですから。
676,います,5月よりサービスを進めさせて頂いておりましたので、開始を5月1日とさせて頂きたいと考えて「おります」。,5月よりサービスを進めさせて頂いておりましたので、開始を5月1日とさせて頂きたいと考えて「います」。
677,どう,それでは6月1日から来年の5月31日の期間ということで「いかが」でしょうか。,それでは6月1日から来年の5月31日の期間ということで「どう」でしょうか。
678,します,それでお願い「致します」。,それでお願い「します」。
679,どう,「いかが」でしょうか。,「どう」でしょうか。
680,します,よろしくお願い「いたします」。,よろしくお願い「します」。
